{
  "recommended_threshold": 0.7,
  "attribution": {
    "precision": 1,
    "recall": 0.8181818181818182,
    "f1": 0.9
  },
  "unexplained": {
    "precision": 0.9333333333333333,
    "recall": 1
  }
}
